,,,,,,,,,,,,,,,,,,,,,,,,,,,,,,,,,,,,,,,,,,
 USCIS Field Office or Service Center Location ,, Applications by Category of Admission and Case Status ,,,,,,,,,,,,,,,, Total ,,,,,,,,,,,,,,,,,,,,,,,,
,,Family-based1,,,,Employment-based1,,,,Humanitarian-based1,,,,Others1,,,,,,,,,,,,,,,,,,,,,,,,,,,,
,,Applications Received2,Approved3,Denied4,Pending5,Applications Received2,Approved3,Denied4,Pending5,Applications Received2,Approved3,Denied4,Pending5,Applications Received2,Approved3,Denied4,Pending5,Applications Received2,Approved3,Denied4,Pending5,,,,,,,,,,,,,,,,,,,,,
,,,,,   ,,,,,,,,,,,,,,,,,,,,,,,,,,,,,,,,,,,,,
 Total ,," 74,115 "," 77,717 "," 7,943 "," 144,730 "," 35,152 "," 41,641 "," 2,434 "," 374,759 "," 38,388 "," 39,913 "," 1,287 "," 66,472 "," 6,627 "," 4,814 ", 965 ," 17,773 "," 154,282 "," 164,085 "," 12,629 "," 603,734 ",,,,,,,,,,,,,,,,,,,,,
,,,,,,,,,,,,,,,,,,,,,,,,,,,,,,,,,,,,,,,,,,
Field Office by State6,,,,,,,,,,,,,,,,,,,,,,,,,,,,,,,,,,,,,,,,,,
 Alaska ,,,,,,,,,,,,,,,,,,,,,,,,,,,,,,,,,,,,,,,,,,
, Anchorage  , 100 , 117 , 15 , 157 , -   , -   , -   , -   , -   , D , -   , 13 , D , D , -   , D , 105 , 127 , 15 , 173 ,,,,,,,,,,,,,,,,,,,,,
 Arizona ,,,,,,,,,,,,,,,,,,,,,,,,,,,,,,,,,,,,,,,,,,
   , Phoenix  ," 1,127 "," 1,196 ", 94 ," 2,041 ", -   , 18 , D , 37 , 75 , 70 , D , 250 , D , 45 , D , 49 ," 1,211 "," 1,329 ", 102 ," 2,377 ",,,,,,,,,,,,,,,,,,,,,
, Tucson , 362 , 330 , 52 , 818 , -   , -   , -   , D , D , 12 , D , 17 , D , D , -   , D , 370 , 343 , 53 , 847 ,,,,,,,,,,,,,,,,,,,,,
 Arkansas ,,,,,,,,,,,,,,,,,,,,,,,,,,,,,,,,,,,,,,,,,,
, Fort Smith  , 130 , 124 , 12 , 241 , -   , -   , -   , D , D , D , -   , D , D , 16 , D , D , 136 , 146 , 13 , 251 ,,,,,,,,,,,,,,,,,,,,,
 California ,,,,,,,,,,,,,,,,,,,,,,,,,,,,,,,,,,,,,,,,,,
, Chula Vista , 759 , 625 , 54 ," 1,327 ", -   , D , D , 29 , 23 , 23 , 11 , 44 , 11 , D , -   , 23 , 793 , 654 , 67 ," 1,423 ",,,,,,,,,,,,,,,,,,,,,
, Fresno  , 683 , 614 , 80 ," 1,155 ", -   , D , D , 15 , D , D , D , 20 , D , D , D , 10 , 690 , 629 , 83 ," 1,200 ",,,,,,,,,,,,,,,,,,,,,
, Imperial , 164 , 126 , D , 260 , -   , -   , -   , 15 , D , -   , -   , D , -   , -   , -   , D , 165 , 126 , D , 277 ,,,,,,,,,,,,,,,,,,,,,
, Los Angeles  ," 2,442 "," 2,210 ", 169 ," 4,346 ", -   , 66 , 15 , 457 , 17 , 31 , D , 128 , 31 , 120 , D , 148 ," 2,490 "," 2,427 ", 197 ," 5,079 ",,,,,,,,,,,,,,,,,,,,,
, Los Angeles County  ," 2,376 "," 2,024 ", 253 ," 5,014 ", -   , 49 , D , 365 , 21 , 10 , D , 123 , 26 , 87 , 34 , 92 ," 2,423 "," 2,170 ", 300 ," 5,594 ",,,,,,,,,,,,,,,,,,,,,
, Sacramento  , 784 , 921 , 78 ," 1,370 ", -   , D , D , 17 , D , 16 , D , 36 , D , D , -   , 15 , 797 , 945 , 86 ," 1,438 ",,,,,,,,,,,,,,,,,,,,,
, San Bernardino ," 1,781 "," 1,846 ", 191 ," 3,163 ", -   , 21 , D , 114 , D , 23 , -   , 37 , D , 28 , D , 44 ," 1,797 "," 1,918 ", 204 ," 3,358 ",,,,,,,,,,,,,,,,,,,,,
, San Diego  , 699 , 721 , 48 ," 1,022 ", -   , D , D , 80 , -   , 10 , -   , 23 , 16 , 20 , -   , 23 , 715 , 758 , 49 ," 1,148 ",,,,,,,,,,,,,,,,,,,,,
, San Fernando Valley ," 1,388 "," 1,419 ", 138 ," 2,884 ", -   , 23 , D , 111 , D , D , -   , 50 , 15 , 34 , D , 43 ," 1,405 "," 1,480 ", 149 ," 3,088 ",,,,,,,,,,,,,,,,,,,,,
, San Francisco ," 2,058 "," 1,860 ", 109 ," 3,352 ", -   , 32 , D , 175 , 11 , 48 , D , 92 , 29 , 62 , -   , 114 ," 2,098 "," 2,002 ", 122 ," 3,733 ",,,,,,,,,,,,,,,,,,,,,
, San Jose  ," 1,412 "," 1,199 ", 65 ," 2,245 ", -   , 39 , 10 , 225 , D , 15 , D , 18 , 10 , 10 , D , 17 ," 1,423 "," 1,263 ", 79 ," 2,505 ",,,,,,,,,,,,,,,,,,,,,
, Santa Ana ," 1,496 "," 1,108 ", 148 ," 2,928 ", -   , 59 , 34 , 331 , D , 10 , D , 46 , 23 , 32 , D , 31 ," 1,522 "," 1,209 ", 186 ," 3,336 ",,,,,,,,,,,,,,,,,,,,,
 Colorado ,,,,,,,,,,,,,,,,,,,,,,,,,,,,,,,,,,,,,,,,,,
, Denver  , 970 , 894 , 99 ," 2,004 ", -   , 12 , D , 61 , 14 , 18 , D , 76 , D , 54 , D , 55 , 992 , 978 , 112 ," 2,196 ",,,,,,,,,,,,,,,,,,,,,
 Connecticut ,,,,,,,,,,,,,,,,,,,,,,,,,,,,,,,,,,,,,,,,,,
, Hartford  , 848 , 778 , 89 ," 1,908 ", -   , 10 , D , 248 , 11 , D , D , 62 , D , D , -   , 48 , 863 , 797 , 96 ," 2,266 ",,,,,,,,,,,,,,,,,,,,,
 District of Columbia ,,,,,,,,,,,,,,,,,,,,,,,,,,,,,,,,,,,,,,,,,,
, Washington  ," 1,681 "," 1,731 ", 218 ," 3,348 ", -   , 80 , 55 , 146 , 31 , 63 , 33 , 82 , 37 , 207 , 33 , 296 ," 1,749 "," 2,081 ", 339 ," 3,872 ",,,,,,,,,,,,,,,,,,,,,
 Florida ,,,,,,,,,,,,,,,,,,,,,,,,,,,,,,,,,,,,,,,,,,
, Hialeah , 593 , 794 , 63 ," 1,222 ", -   , 16 , D , 84 ," 2,486 "," 4,996 ", 87 ," 6,039 ", 14 , 12 , D , 32 ," 3,093 "," 5,818 ", 155 ," 7,377 ",,,,,,,,,,,,,,,,,,,,,
, Jacksonville , 451 , 628 , 47 , 790 , -   , D , D , 12 , 85 , 321 , D , 215 , D , 11 , D , 21 , 541 , 966 , 61 ," 1,038 ",,,,,,,,,,,,,,,,,,,,,
, Kendall , 603 , 619 , 78 ," 1,389 ", -   , D , D , 28 ," 2,500 "," 3,672 ", 89 ," 6,432 ", D , D , D , 51 ," 3,107 "," 4,302 ", 173 ," 7,900 ",,,,,,,,,,,,,,,,,,,,,
, Miami  ," 1,109 ", 588 , 79 ," 2,930 ", -   , D , D , 63 ," 1,621 "," 1,726 ", 85 ," 4,875 ", 10 , 20 , D , 24 ," 2,740 "," 2,343 ", 168 ," 7,892 ",,,,,,,,,,,,,,,,,,,,,
, Oakland Park ," 1,392 "," 1,561 ", 204 ," 2,869 ", -   , 13 , 12 , 78 , 342 , 468 , 40 ," 1,024 ", D , 15 , D , 20 ," 1,741 "," 2,057 ", 265 ," 3,991 ",,,,,,,,,,,,,,,,,,,,,
, Orlando  ," 1,115 "," 1,131 ", 119 ," 2,548 ", -   , 12 , D , 40 , 211 , 326 , 12 , 621 , D , 42 , D , 11 ," 1,332 "," 1,511 ", 137 ," 3,220 ",,,,,,,,,,,,,,,,,,,,,
, Tampa  , 998 , 977 , 156 ," 2,160 ", -   , 13 , -   , 24 , 786 , 927 , 29 ," 2,233 ", D , 24 , D , 25 ," 1,792 "," 1,941 ", 193 ," 4,442 ",,,,,,,,,,,,,,,,,,,,,
, West Palm Beach , 771 , 907 , 135 ," 1,495 ", -   , D , D , 25 , 311 , 641 , 18 , 646 , D , 25 , D , 15 ," 1,088 "," 1,581 ", 160 ," 2,181 ",,,,,,,,,,,,,,,,,,,,,
 Georgia ,,,,,,,,,,,,,,,,,,,,,,,,,,,,,,,,,,,,,,,,,,
, Atlanta  ," 2,281 "," 1,778 ", 211 ," 4,456 ", -   , 31 , 14 , 819 , 101 , 65 , 11 , 322 , 22 , 60 , 10 , 28 ," 2,404 "," 1,934 ", 246 ," 5,625 ",,,,,,,,,,,,,,,,,,,,,
 Hawaii ,,,,,,,,,,,,,,,,,,,,,,,,,,,,,,,,,,,,,,,,,,
, Honolulu  , 362 , 356 , 28 , 720 , -   , -   , -   , 31 , -   , D , -   , D , -   , -   , -   , D , 362 , 360 , 28 , 761 ,,,,,,,,,,,,,,,,,,,,,
 Idaho ,,,,,,,,,,,,,,,,,,,,,,,,,,,,,,,,,,,,,,,,,,
, Boise  , 120 , 111 , D , 203 , -   , D , D , 14 , D , -   , -   , D , D , D , D , D , 127 , 117 , 11 , 230 ,,,,,,,,,,,,,,,,,,,,,
 Illinois ,,,,,,,,,,,,,,,,,,,,,,,,,,,,,,,,,,,,,,,,,,
, Chicago  ," 3,101 "," 2,906 ", 202 ," 6,703 ", -   , 42 , D , 433 , 22 , 23 , D , 201 , 20 , 55 , D , 29 ," 3,143 "," 3,026 ", 216 ," 7,366 ",,,,,,,,,,,,,,,,,,,,,
 Indiana ,,,,,,,,,,,,,,,,,,,,,,,,,,,,,,,,,,,,,,,,,,
, Indianapolis  , 399 , 446 , 50 , 782 , -   , D , D , 26 , D , 14 , D , 39 , D , 12 , D , 13 , 413 , 476 , 58 , 860 ,,,,,,,,,,,,,,,,,,,,,
 Iowa ,,,,,,,,,,,,,,,,,,,,,,,,,,,,,,,,,,,,,,,,,,
, Des Moines , 179 , 201 , 39 , 427 , -   , -   , D , 22 , 11 , D , D , 21 , D , 23 , 16 , 13 , 197 , 231 , 62 , 483 ,,,,,,,,,,,,,,,,,,,,,
 Kansas ,,,,,,,,,,,,,,,,,,,,,,,,,,,,,,,,,,,,,,,,,,
, Wichita , 169 , 211 , 17 , 346 , -   , D , -   , D , 12 , D , -   , 50 , D , D , -   , D , 182 , 226 , 17 , 399 ,,,,,,,,,,,,,,,,,,,,,
 Kentucky ,,,,,,,,,,,,,,,,,,,,,,,,,,,,,,,,,,,,,,,,,,
, Louisville  , 229 , 254 , 20 , 445 , -   , D , D , 23 , 155 , 332 , 12 , 365 , D , D , D , D , 386 , 601 , 36 , 837 ,,,,,,,,,,,,,,,,,,,,,
 Louisiana ,,,,,,,,,,,,,,,,,,,,,,,,,,,,,,,,,,,,,,,,,,
, New Orleans  , 430 , 379 , 41 , 939 , -   , D , D , 11 , 49 , 20 , D , 157 , 10 , 19 , -   , 12 , 489 , 425 , 44 ," 1,119 ",,,,,,,,,,,,,,,,,,,,,
 Maine ,,,,,,,,,,,,,,,,,,,,,,,,,,,,,,,,,,,,,,,,,,
, Portland  , 82 , 94 , D , 174 , -   , D , -   , D , D , D , D , D , D , D , D , D , 85 , 103 , D , 189 ,,,,,,,,,,,,,,,,,,,,,
 Maryland ,,,,,,,,,,,,,,,,,,,,,,,,,,,,,,,,,,,,,,,,,,
, Baltimore  ," 1,757 "," 1,803 ", 257 ," 3,521 ", -   , D , D , 298 , 25 , -   , 14 , 186 , 32 , 20 , D , 168 ," 1,814 "," 1,827 ", 277 ," 4,173 ",,,,,,,,,,,,,,,,,,,,,
 Massachusetts ,,,,,,,,,,,,,,,,,,,,,,,,,,,,,,,,,,,,,,,,,,
, Boston  ," 1,508 "," 1,516 ", 148 ," 2,876 ", -   , 45 , D , 237 , 10 , 45 , D , 65 , 21 , 66 , D , 78 ," 1,539 "," 1,672 ", 164 ," 3,256 ",,,,,,,,,,,,,,,,,,,,,
, Lawrence , 582 , 613 , 70 ," 1,064 ", -   , 23 , D , 39 , 14 , D , D , 20 , D , 21 , -   , 17 , 603 , 666 , 76 ," 1,140 ",,,,,,,,,,,,,,,,,,,,,
 Michigan ,,,,,,,,,,,,,,,,,,,,,,,,,,,,,,,,,,,,,,,,,,
, Detroit  , 861 , 917 , 101 ," 1,150 ", -   , 32 , D , 40 , 49 , 34 , D , 193 , 11 , 19 , D , 14 , 921 ," 1,002 ", 116 ," 1,397 ",,,,,,,,,,,,,,,,,,,,,
 Minnesota ,,,,,,,,,,,,,,,,,,,,,,,,,,,,,,,,,,,,,,,,,,
, St. Paul  , 741 , 610 , 75 ," 1,306 ", -   , 19 , D , 69 , 27 , 52 , 13 , 71 , 12 , 29 , D , 37 , 780 , 710 , 102 ," 1,483 ",,,,,,,,,,,,,,,,,,,,,
 Missouri ,,,,,,,,,,,,,,,,,,,,,,,,,,,,,,,,,,,,,,,,,,
, Kansas City  , 393 ," 1,039 ", 42 , 779 , -   , 22 , D , 34 , 28 , 61 , D , 57 , D , 16 , -   , D , 429 ," 1,138 ", 46 , 879 ,,,,,,,,,,,,,,,,,,,,,
, St. Louis  , 276 , 296 , 33 , 476 , -   , 23 , D , 56 , D , D , D , 14 , -   , D , D , D , 280 , 334 , 46 , 550 ,,,,,,,,,,,,,,,,,,,,,
 Montana ,,,,,,,,,,,,,,,,,,,,,,,,,,,,,,,,,,,,,,,,,,
, Helena  , 45 , 111 , D , 92 , -   , -   , -   , -   , -   , D , -   , D , -   , -   , -   , -   , 45 , 113 , D , 94 ,,,,,,,,,,,,,,,,,,,,,
 Nebraska ,,,,,,,,,,,,,,,,,,,,,,,,,,,,,,,,,,,,,,,,,,
, Omaha  , 237 , 450 , 29 , 330 , -   , D , -   , 17 , 79 , 114 , D , 217 , D , 13 , D , 11 , 322 , 581 , 35 , 575 ,,,,,,,,,,,,,,,,,,,,,
 Nevada ,,,,,,,,,,,,,,,,,,,,,,,,,,,,,,,,,,,,,,,,,,
, Las Vegas  , 800 , 816 , 109 ," 1,520 ", -   , D , D , 58 , 224 , 183 , D , 585 , -   , 27 , -   , D ," 1,024 "," 1,034 ", 122 ," 2,168 ",,,,,,,,,,,,,,,,,,,,,
, Reno  , 116 , 135 , 17 , 182 , -   , D , -   , D , -   , 35 , -   , D , -   , D , D , D , 116 , 175 , 19 , 196 ,,,,,,,,,,,,,,,,,,,,,
 New Hampshire ,,,,,,,,,,,,,,,,,,,,,,,,,,,,,,,,,,,,,,,,,,
, Manchester  , 148 , 150 , 10 , 265 , -   , D , -   , D , D , D , D , D , -   , D , -   , D , 149 , 158 , 13 , 283 ,,,,,,,,,,,,,,,,,,,,,
 New Jersey ,,,,,,,,,,,,,,,,,,,,,,,,,,,,,,,,,,,,,,,,,,
, Mount Laurel , 589 , 871 , 118 ," 1,042 ", -   , 16 , 11 , 55 , D , 10 , D , 19 , D , 18 , D , 17 , 597 , 915 , 134 ," 1,133 ",,,,,,,,,,,,,,,,,,,,,
, Newark  ," 3,082 "," 3,709 ", 417 ," 5,510 ", -   , 86 , 20 , 162 , 171 , 220 , 14 , 504 , 25 , 109 , 11 , 48 ," 3,278 "," 4,124 ", 462 ," 6,224 ",,,,,,,,,,,,,,,,,,,,,
 New Mexico ,,,,,,,,,,,,,,,,,,,,,,,,,,,,,,,,,,,,,,,,,,
, Albuquerque  , 211 , 301 , 20 , 381 , -   , D , -   , 17 , 29 , 23 , -   , 67 , D , D , D , D , 242 , 333 , 22 , 469 ,,,,,,,,,,,,,,,,,,,,,
 New York ,,,,,,,,,,,,,,,,,,,,,,,,,,,,,,,,,,,,,,,,,,
, Albany  , 186 , 147 , D , 406 , -   , D , -   , 15 , D , D , -   , 17 , D , D , D , D , 191 , 155 , D , 443 ,,,,,,,,,,,,,,,,,,,,,
, Buffalo  , 248 , 379 , 15 , 524 , -   , D , -   , 30 , 72 , 120 , D , 264 , D , 13 , -   , 12 , 323 , 513 , 17 , 830 ,,,,,,,,,,,,,,,,,,,,,
, Long Island ," 1,882 "," 1,769 ", 113 ," 4,230 ", -   , 17 , D , 107 , D , 13 , D , 55 , 20 , 58 , D , 83 ," 1,909 "," 1,857 ", 126 ," 4,475 ",,,,,,,,,,,,,,,,,,,,,
, New York  ," 5,094 "," 4,806 ", 773 ," 12,064 ", -   , 84 , 26 , 411 , 31 , 169 , 14 , 205 , 83 , 585 , 110 , 154 ," 5,208 "," 5,644 ", 923 ," 12,834 ",,,,,,,,,,,,,,,,,,,,,
, Queens ," 1,956 "," 2,016 ", 140 ," 4,463 ", -   , 68 , 15 , 122 , 10 , 101 , D , 161 , 20 , 19 , D , 157 ," 1,986 "," 2,204 ", 164 ," 4,903 ",,,,,,,,,,,,,,,,,,,,,
 North Carolina ,,,,,,,,,,,,,,,,,,,,,,,,,,,,,,,,,,,,,,,,,,
, Charlotte  , 614 , 950 , 99 , 865 , -   , D , D , 30 , 45 , 85 , D , 82 , D , 22 , D , 29 , 666 ," 1,062 ", 109 ," 1,006 ",,,,,,,,,,,,,,,,,,,,,
, Raleigh , 601 , 918 , 82 , 944 , -   , 13 , -   , 19 , D , 27 , -   , 42 , D , 18 , D , 10 , 615 , 976 , 85 ," 1,015 ",,,,,,,,,,,,,,,,,,,,,
 Ohio ,,,,,,,,,,,,,,,,,,,,,,,,,,,,,,,,,,,,,,,,,,
, Cincinnati  , 211 , 254 , 31 , 350 , -   , D , -   , 18 , D , D , D , 11 , D , D , -   , D , 227 , 272 , 32 , 382 ,,,,,,,,,,,,,,,,,,,,,
, Cleveland  , 334 , 377 , 45 , 563 , -   , D , 10 , 65 , D , 15 , -   , 19 , D , 14 , D , D , 344 , 413 , 59 , 653 ,,,,,,,,,,,,,,,,,,,,,
, Columbus , 314 , 377 , 65 , 514 , -   , D , D , 11 , 16 , 41 , D , 38 , D , D , D , -   , 331 , 426 , 76 , 563 ,,,,,,,,,,,,,,,,,,,,,
 Oklahoma ,,,,,,,,,,,,,,,,,,,,,,,,,,,,,,,,,,,,,,,,,,
, Oklahoma City  , 407 , 350 , 21 , 998 , -   , D , -   , 53 , D , 12 , D , 47 , D , 78 , D , D , 414 , 446 , 27 ," 1,099 ",,,,,,,,,,,,,,,,,,,,,
 Oregon ,,,,,,,,,,,,,,,,,,,,,,,,,,,,,,,,,,,,,,,,,,
, Portland  , 571 , 461 , 69 , 954 , -   , 11 , D , 51 , 44 , 27 , D , 127 , 10 , 29 , D , 11 , 625 , 528 , 76 ," 1,143 ",,,,,,,,,,,,,,,,,,,,,
 Pennsylvania ,,,,,,,,,,,,,,,,,,,,,,,,,,,,,,,,,,,,,,,,,,
, Philadelphia ," 1,438 "," 1,624 ", 194 ," 2,545 ", -   , 21 , D , 52 , 41 , 83 , 13 , 235 , 13 , 44 , D , D ," 1,492 "," 1,772 ", 218 ," 2,840 ",,,,,,,,,,,,,,,,,,,,,
, Pittsburgh  , 302 , 164 , 22 , 533 , -   , -   , D , 22 , D , D , -   , 26 , D , 10 , -   , 10 , 309 , 180 , 24 , 591 ,,,,,,,,,,,,,,,,,,,,,
 Rhode Island ,,,,,,,,,,,,,,,,,,,,,,,,,,,,,,,,,,,,,,,,,,
, Providence  , 216 , 304 , 29 , 335 , -   , D , -   , D , D , D , D , 12 , -   , D , -   , D , 217 , 316 , 30 , 360 ,,,,,,,,,,,,,,,,,,,,,
 South Carolina ,,,,,,,,,,,,,,,,,,,,,,,,,,,,,,,,,,,,,,,,,,
, Charleston  , 372 , 399 , 54 , 652 , -   , D , D , 12 , D , 11 , D , 27 , D , 11 , D , 12 , 386 , 427 , 61 , 703 ,,,,,,,,,,,,,,,,,,,,,
 Tennessee ,,,,,,,,,,,,,,,,,,,,,,,,,,,,,,,,,,,,,,,,,,
, Memphis  , 604 , 818 , 98 , 894 , -   , 18 , D , 79 , 42 , 35 , D , 89 , D , 14 , -   , 46 , 655 , 885 , 110 ," 1,108 ",,,,,,,,,,,,,,,,,,,,,
 Texas ,,,,,,,,,,,,,,,,,,,,,,,,,,,,,,,,,,,,,,,,,,
, Dallas  ," 2,549 "," 2,133 ", 232 ," 5,603 ", -   , 29 , D , 167 , 73 , 42 , D , 303 , 15 , 34 , D , 110 ," 2,637 "," 2,238 ", 249 ," 6,183 ",,,,,,,,,,,,,,,,,,,,,
, El Paso  , 720 ," 1,261 ", 66 , 976 , -   , -   , -   , -   , 17 , D , -   , 37 , D , D , -   , 68 , 743 ," 1,273 ", 66 ," 1,081 ",,,,,,,,,,,,,,,,,,,,,
, Harlingen  , 784 ," 1,297 ", 83 ," 1,622 ", -   , D , -   , D , D , 24 , -   , 46 , 16 , 24 , D , 48 , 806 ," 1,346 ", 84 ," 1,718 ",,,,,,,,,,,,,,,,,,,,,
, Houston  ," 2,836 "," 3,484 ", 357 ," 4,637 ", -   , 77 , 14 , 97 , 330 , 295 , 15 , 745 , 31 , 165 , D , 132 ," 3,197 "," 4,021 ", 395 ," 5,611 ",,,,,,,,,,,,,,,,,,,,,
, San Antonio  ," 1,639 "," 2,204 ", 96 ," 2,403 ", -   , 14 , D , 61 , 101 , 147 , D , 154 , 25 , 38 , D , 48 ," 1,765 "," 2,403 ", 102 ," 2,666 ",,,,,,,,,,,,,,,,,,,,,
 Utah ,,,,,,,,,,,,,,,,,,,,,,,,,,,,,,,,,,,,,,,,,,
, Salt Lake City  , 624 , 508 , 41 ," 1,455 ", -   , 18 , -   , 57 , D , 20 , D , 36 , D , 23 , D , D , 638 , 569 , 48 ," 1,556 ",,,,,,,,,,,,,,,,,,,,,
 Vermont ,,,,,,,,,,,,,,,,,,,,,,,,,,,,,,,,,,,,,,,,,,
, St. Albans  , 39 , 471 , D , 201 , -   , D , -   , D , -   , D , D , -   , -   , D , D , -   , 39 , 480 , D , 203 ,,,,,,,,,,,,,,,,,,,,,
 Virginia ,,,,,,,,,,,,,,,,,,,,,,,,,,,,,,,,,,,,,,,,,,
, Norfolk  , 463 , 489 , 43 , 691 , -   , D , D , 29 , D , 23 , D , 49 , 12 , D , D , 39 , 481 , 526 , 50 , 808 ,,,,,,,,,,,,,,,,,,,,,
 Washington ,,,,,,,,,,,,,,,,,,,,,,,,,,,,,,,,,,,,,,,,,,
, Seattle  ," 1,177 "," 1,122 ", 64 ," 1,933 ", -   , 10 , D , 117 , D , 24 , D , 73 , D , 54 , D , 29 ," 1,194 "," 1,210 ", 81 ," 2,152 ",,,,,,,,,,,,,,,,,,,,,
, Spokane  , 62 , 60 , 10 , 93 , -   , -   , -   , D , D , D , -   , D , -   , D , -   , -   , 63 , 63 , 10 , 103 ,,,,,,,,,,,,,,,,,,,,,
, Yakima , 133 , 179 , 11 , 255 , -   , -   , -   , D , -   , 34 , -   , 26 , D , D , -   , D , 134 , 220 , 11 , 291 ,,,,,,,,,,,,,,,,,,,,,
 Wisconsin ,,,,,,,,,,,,,,,,,,,,,,,,,,,,,,,,,,,,,,,,,,
, Milwaukee  , 372 , 513 , 46 , 793 , -   , 12 , D , 81 , 16 , D , -   , 56 , D , 28 , -   , 13 , 395 , 556 , 51 , 943 ,,,,,,,,,,,,,,,,,,,,,
,,,,,,,,,,,,,,,,,,,,,,,,,,,,,,,,,,,,,,,,,,
Field Office by Territory6,,,,,,,,,,,,,,,,,,,,,,,,,,,,,,,,,,,,,,,,,,
 Guam ,,,,,,,,,,,,,,,,,,,,,,,,,,,,,,,,,,,,,,,,,,
, Hagatna , 136 , 135 , 39 , 279 , -   , -   , D , D , -   , D , -   , D , -   , D , -   , D , 136 , 140 , 41 , 289 ,,,,,,,,,,,,,,,,,,,,,
 U.S. Virgin Islands ,,,,,,,,,,,,,,,,,,,,,,,,,,,,,,,,,,,,,,,,,,
, Charlotte Amalie , 19 , 20 , D , 37 , -   , -   , -   , 15 , -   , -   , -   , D , -   , -   , -   , D , 19 , 20 , D , 57 ,,,,,,,,,,,,,,,,,,,,,
, Christiansted  , 14 , 13 , D , 29 , -   , -   , -   , -   , -   , -   , -   , -   , -   , -   , -   , D , 14 , 13 , D , 30 ,,,,,,,,,,,,,,,,,,,,,
 Puerto Rico ,,,,,,,,,,,,,,,,,,,,,,,,,,,,,,,,,,,,,,,,,,
, San Juan  , 173 , 153 , 11 , 370 , -   , D , -   , 19 , 27 , 11 , D , 87 , -   , -   , -   , 15 , 200 , 165 , 12 , 491 ,,,,,,,,,,,,,,,,,,,,,
,,,,,,,,,,,,,,,,,,,,,,,,,,,,,,,,,,,,,,,,,,
 Service Center ,,,,,,,,,,,,,,,,,,,,,,,,,,,,,,,,,,,,,,,,,,
, California , -   , 441 , 81 , 584 , 982 , 275 , 25 ," 3,560 ", -   , 94 , D , 118 , -   , -   , -   , -   , 982 , 810 , 114 ," 4,262 ",,,,,,,,,,,,,,,,,,,,,
, Nebraska , -   , -   , -   , -   ," 12,775 "," 17,812 ", 830 ," 153,769 "," 20,708 "," 17,475 ", 429 ," 27,323 ", 45 , 83 , 19 , D ," 33,528 "," 35,370 "," 1,278 "," 181,093 ",,,,,,,,,,,,,,,,,,,,,
, Texas , -   , -   , -   , -   ," 21,387 "," 22,227 "," 1,185 "," 210,356 "," 7,135 "," 6,233 ", 175 ," 9,536 ", D , 26 , 14 , 22 ," 28,526 "," 28,486 "," 1,374 "," 219,914 ",,,,,,,,,,,,,,,,,,,,,
, Vermont , 35 , -   , 21 , 260 , D , -   , D , 40 , -   , -   , D , 23 ," 5,739 "," 1,918 ", 542 ," 14,921 "," 5,782 "," 1,918 ", 568 ," 15,244 ",,,,,,,,,,,,,,,,,,,,,
,,,,,,,,,,,,,,,,,,,,,,,,,,,,,,,,,,,,,,,,,,
,,,,,,,,,,,,,,,,,,,,,,,,,,,,,,,,,,,,,,,,,,
D  Data withheld to protect applicants' privacy.,,,,,,,,,,,,,,,,,,,,,,,,,,,,,,,,,,,,,,,,,,
- Represents zero.,,,,,,,,,,,,,,,,,,,,,,,,,,,,,,,,,,,,,,,,,,
"1  Family-based applications for legal permanent resident (LPR) status are based on a family relationship with an LPR or a U.S. citizen. Employment-based petitions are to 
",,,,,,,,,,,,,,,,,,,,,,,,,,,,,,,,,,,,,,,,,,
"   request entrance to the U.S. for purposes of employment, either temporary or permanent resident, or for an entrepreneur who wishes to immigrate to the U.S. to create a commercial enterprise. ",,,,,,,,,,,,,,,,,,,,,,,,,,,,,,,,,,,,,,,,,,
"   others includes all other I-485 applications, to include those filed under the Haitian Refugee Immigration Fairness Act (HRIFA) program and the Creation of Record for North American Indians born",,,,,,,,,,,,,,,,,,,,,,,,,,,,,,,,,,,,,,,,,,
   in Canada based on Section 289 of the Immigration and Nationality Act (INA).,,,,,,,,,,,,,,,,,,,,,,,,,,,,,,,,,,,,,,,,,,
2  The number of new applications received and entered into a case-tracking system during the reporting period.,,,,,,,,,,,,,,,,,,,,,,,,,,,,,,,,,,,,,,,,,,
3  The number of applications approved during the reporting period.,,,,,,,,,,,,,,,,,,,,,,,,,,,,,,,,,,,,,,,,,,
"4  The number of applications that were denied, terminated, or withdrawn during the reporting period.",,,,,,,,,,,,,,,,,,,,,,,,,,,,,,,,,,,,,,,,,,
5  The number of applications awaiting a decision as of the end of the reporting period.,,,,,,,,,,,,,,,,,,,,,,,,,,,,,,,,,,,,,,,,,,
6  Represents the office location. The office location does not reflect the complete area covered by the office’s jurisdiction. Please refer to USCIS.gov for office jurisdictions.,,,,,,,,,,,,,,,,,,,,,,,,,,,,,,,,,,,,,,,,,,
"NOTE: 1) Some applications approved, denied, or awating a decision may have been received in previous reporting periods. ",,,,,,,,,,,,,,,,,,,,,,,,,,,,,,,,,,,,,,,,,,
           2) The report reflects the most up-to-date estimate available at the time the report is generated.,,,,,,,,,,,,,,,,,,,,,,,,,,,,,,,,,,,,,,,,,,
"Source:  Department of Homeland Security, U.S. Citizenship and Immigration Services, Performance Analysis System (PAS), Novermber 2013",,,,,,,,,,,,,,,,,,,,,,,,,,,,,,,,,,,,,,,,,,
,,,,,,,,,,,,,,,,,,,,,,,,,,,,,,,,,,,,,,,,,,
,,,,,,,,,,,,,,,,,,,,,,,,,,,,,,,,,,,,,,,,,,
,,,,,,,,,,,,,,,,,,,,,,,,,,,,,,,,,,,,,,,,,,
,,,,,,,,,,,,,,,,,,,,,,,,,,,,,,,,,,,,,,,,,,
,,,,,,,,,,,,,,,,,,,,,,,,,,,,,,,,,,,,,,,,,,
